component,mass_kg,volume_cm3,cg_x_cm,cg_y_cm,cg_z_cm
URDF_F_ v3,9.2111,4034.39,-0.025,-4.106,31.785
base_link,2.0000,1000.00,0.000,0.000,2.500
thighJR_L,0.0698,34.92,0.000,2.200,0.827
AK45-36_trL,0.3909,97.72,0.000,0.000,2.700
thighJ_L,0.0788,67.91,0.000,-0.822,1.355
AK45-36_tpL,0.3909,97.72,0.000,0.000,2.700
thigh_L,0.5204,448.59,-0.540,0.038,7.001
AK45-36_kpL,0.3909,97.72,0.000,0.000,2.700
calf_L,0.7036,351.81,2.508,1.108,11.949
AK45-36_fpL,0.3909,97.72,0.000,0.000,2.700
footJ_L,0.0434,39.80,0.000,0.000,-0.228
AK45-10_frL,0.3048,76.20,0.000,0.000,2.150
foot_L,0.3213,107.11,0.000,-0.140,1.139
thighJR_R,0.0698,34.92,0.000,2.200,-0.827
AK45-36_trR,0.3909,97.72,0.000,0.000,-2.700
thighJ_R,0.0788,67.91,0.000,-0.822,-1.355
AK45-36_tpR,0.3909,97.72,0.000,0.000,-2.700
thigh_R,0.5204,448.59,-0.540,0.038,-7.001
AK45-36_kpR,0.3909,97.72,0.000,0.000,-2.700
calf_R,0.7036,351.81,2.508,1.108,-11.949
AK45-36_fpR,0.3909,97.72,0.000,0.000,-2.700
footJ_R,0.0434,39.80,0.000,0.000,0.228
AK45-10_frR,0.3048,76.20,0.000,0.000,-2.150
foot_R,0.3213,107.11,0.000,-0.140,-1.139
