timesteps,episodes,mean_episode_reward,mean_episode_length,success_rate,fall_rate,mean_abs_action,action_saturation_fraction,mean_periodic_cost,mean_command_cost,mean_upright_cost,mean_action_diff_cost,mean_torque_cost,mean_forward_velocity_m_s,mean_left_force_n,mean_right_force_n,mean_left_foot_speed_m_s,mean_right_foot_speed_m_s,mean_torso_height_m
25000,191,70.91624970000001,134.15,0.0,1.0,0.8161942031038489,0.33774,0.470915485955902,0.7999932888217656,0.13985184880119908,0.999985740947229,0.7776388471585053,-0.03487096509244911,40.29778297705025,42.02391079463523,0.8177642372227738,0.8108482115739951,0.32850279273244887
50000,335,81.90800815000001,152.75,0.0,1.0,0.8444889821218639,0.354276,0.4639990601057397,0.7975019662136624,0.19798120016265766,0.9999839375524046,0.7825088683103285,-0.10090384851082716,41.131321709692706,41.0168856688073,0.7858893258948741,0.8009839413979448,0.32324711020240765
75000,466,94.67240650000001,170.65,0.0,1.0,0.8565520768055972,0.361276,0.44106543978452434,0.7695879706540946,0.1841501314478799,0.9999902439281225,0.7699825426094288,-0.08330245731559818,41.23953893118578,40.70095840764873,0.7055922999347851,0.7301636513470853,0.32703757234941216
100000,585,126.74162644999998,221.0,0.0,1.0,0.8709005924951392,0.36814,0.4246408112838552,0.7588280446720139,0.18758894918733882,0.999982832747642,0.7588641518860869,-0.05106738584025319,40.86550658141368,40.63137134122026,0.6599536645359623,0.6732090456731431,0.32751967287961403
125000,688,168.9864086,294.4,0.0,1.0,0.8804776627313923,0.374368,0.4159300590444661,0.7467159302575864,0.1842827178957436,0.9999907925997936,0.7506601047209887,-0.05180459328199807,42.50447579032164,39.260911337885055,0.6353379535937922,0.6280527802167368,0.32996158372341444
150000,771,205.10021120000002,347.95,0.0,0.9,0.9056815047744,0.387168,0.40753378424556214,0.7065697456504542,0.20061266390198448,0.9999907719660239,0.7430180095451165,-0.04871760375409156,42.2849678169645,39.82541262909837,0.5948074803132924,0.5627460880540125,0.3310816981354935
175000,835,259.35780815,447.8,0.0,0.9,0.9274987619944695,0.397932,0.41066163912976233,0.6918909529663905,0.2503396866962337,0.9999928207309535,0.7368676443669349,-0.05880488775062524,42.34202004844704,39.963935943668716,0.5565995882936131,0.5217639732916215,0.33319200103261043
200000,882,344.14694560000004,565.8,0.0,0.65,0.9646066641538448,0.41642,0.3782237721749599,0.6718753592258545,0.2708260556024511,0.9999925442020676,0.7273904295943537,-0.046704073922005665,42.26788829049002,41.127954925456955,0.5027471970816498,0.47318829965723763,0.33345963365102754
225000,927,366.949998,586.4,0.0,0.6,1.0049043866933813,0.435084,0.38586082318258647,0.6543342088201087,0.208311515009205,0.9999912319325862,0.7268453826220147,-0.04629494375041691,42.4705900741704,40.87841946898415,0.5016107550370206,0.4492931434286933,0.33567532184920623
250000,965,419.66130394999993,663.2,0.0,0.45,1.0316214632896865,0.448356,0.36711826477119786,0.6357027695814279,0.24388295511414995,0.9999951426109118,0.7179065564936999,-0.033401117113799755,41.34519188611633,42.71933005509289,0.43145601336281264,0.3971730628478548,0.33406085960255555
275000,1005,404.83854265,631.1,0.0,0.45,1.0527183606660977,0.457396,0.3623046946733999,0.6153363068175967,0.24740579768970233,0.999996972977642,0.7048631874609572,-0.03330289462501781,40.950179284962694,43.08887898593537,0.40183993691328374,0.35569104663514345,0.3323223032371448
300000,1041,468.63434575,716.65,0.0,0.25,1.0778796852100165,0.468236,0.3506034972081575,0.590220801713897,0.18126798789000742,0.9999976133762671,0.6979591101325969,-0.03439243866096217,41.72536971218006,42.489201684796306,0.35874116274974527,0.336638939312687,0.33063334525325566
325000,1077,446.35638200000005,665.6,0.0,0.45,1.112134210895765,0.482624,0.3357492605895987,0.5654331874274855,0.18042379485285234,0.9999976861952543,0.6898524301216912,-0.03228865887634966,40.133644013761376,44.06854237976296,0.3350232235737858,0.3080725102457321,0.3301245350327366
350000,1115,490.0105525,721.75,0.0,0.3,1.1328696213609297,0.490916,0.30871469460888346,0.5465354134641238,0.17587367342648036,0.9999987103342332,0.6808956425668256,-0.01862219196245072,40.26475557835286,43.923407607464846,0.30485570606247525,0.28729951796133407,0.3313764865402643
375000,1152,446.44892500000003,673.5,0.0,0.35,1.1457321144381232,0.495708,0.3260651400107951,0.5421510888494352,0.20966618715017815,0.9999969632272445,0.6778821759488489,-0.0171089465995615,41.341797662635344,42.974599264044684,0.2951611316976159,0.2901703979805977,0.33188117334324646
400000,1186,527.52886475,780.5,0.0,0.1,1.1443445093351285,0.495724,0.3204738307996128,0.5286116240651627,0.19685167176056123,0.9999990482330212,0.6734243883789658,-0.023424671658847856,40.46173981169588,44.16993233429467,0.28897726326939827,0.26921190420476343,0.3307242964640234
425000,1219,558.2400257,800.0,0.0,0.05,1.1792455920370444,0.50936,0.2947872041815818,0.5093361802730567,0.1537634010071964,0.9999985583979121,0.6644072447613552,-0.023398179423746668,39.84780564430467,45.16023382421404,0.26513148450789586,0.23310881655945973,0.33239965453077663
450000,1256,480.4403754499999,669.2,0.0,0.45,1.2078207805360546,0.5198,0.23730647748864475,0.5215432748896943,0.16431011297092973,0.9999977157895555,0.660908585952752,-0.01584746053827297,37.476702820193736,46.77302399591405,0.2804644919689286,0.23043421555224727,0.3317855137423672
475000,1296,448.6995724999999,628.35,0.0,0.35,1.2308581786737312,0.52704,0.23926462147877658,0.5198235132527279,0.17018151888615204,0.9999977293633818,0.6636618619715637,-0.017365829533067645,37.1572214927734,47.05580179123675,0.2887476779292614,0.23748018493756667,0.3306181426473658
500000,1334,438.45516639999994,607.65,0.0,0.55,1.2648015427397397,0.539216,0.2247374318429351,0.515254642313222,0.13183500985604046,0.9999952339225792,0.6667238970732471,-0.00955819657632554,36.96581204670336,47.147497053262505,0.2885967645349681,0.2428990312149658,0.33116504979504297
525000,1367,546.0478168,758.0,0.05,0.15,1.2910956546431185,0.549092,0.25425995103576204,0.5067835721302276,0.12828491600111255,0.9999987206814266,0.6672024869653772,-0.014033006093513973,38.377902230986635,46.607671183879134,0.27176146136004975,0.2408103241773977,0.3321681397076252
550000,1404,479.20048454999994,653.3,0.0,0.4,1.3164431669546328,0.555216,0.21323493568703034,0.5005298532599822,0.14268919492433585,0.999996744993162,0.6631376538086624,-0.006980897964167166,38.02661813959782,46.36833344976192,0.2666957436563936,0.23890586021428112,0.3325277523700277
575000,1447,394.2721469499999,545.65,0.0,0.7,1.3426963100457527,0.563672,0.21978763234677579,0.5081763881888958,0.10280403258218922,0.9999994524983931,0.6598049654091795,-0.005451356141353838,36.907954665552644,46.9186282354204,0.2772435898641665,0.2339496119684478,0.33327802103559895
600000,1482,495.04973040000004,682.45,0.15,0.4,1.3585944985090048,0.567836,0.22319028454534928,0.5066033348032486,0.142085709845695,0.9999993484010252,0.6547136230917178,0.0015495591622158946,36.33140021709447,47.88734813807392,0.2710353931381289,0.22232348307122252,0.3323237641890009
625000,1520,453.81702290000004,638.2,0.3,0.5,1.4115938551669345,0.58066,0.22151002225329372,0.5232033467240262,0.242126035874388,0.999999448729039,0.6522180190519209,0.00688803492137021,38.24152897295024,46.263731739596565,0.26197763207176394,0.23699015633115655,0.3337927306033922
650000,1557,482.26532800000007,659.95,0.25,0.55,1.4416624165229723,0.588732,0.20508939134405574,0.5074110430452664,0.19100835052710752,0.9999994535823076,0.653919163149316,0.013103490880732952,36.27821193976335,48.023288062277494,0.26728049757663835,0.22745825657636254,0.33384374561594143
675000,1595,493.94150174999993,691.3,0.1,0.4,1.4723436716241867,0.596164,0.21952800052467006,0.5077594111030245,0.20619943204577101,0.9999992145640533,0.652638117598703,0.009458854136416985,37.783184236569745,46.54409227504204,0.27043236596847836,0.230850025976543,0.3342267650655982
700000,1629,514.2679974499999,705.7,0.3,0.35,1.4633383130130135,0.593552,0.22269292708577382,0.4933850270635287,0.16878514573889486,0.9999993958114798,0.6525181329847001,0.02586613352356824,38.460633224584555,46.70669030634457,0.25067920893584655,0.21720298279818212,0.332111392414689
725000,1668,483.94595715,655.8,0.05,0.35,1.4890733352355845,0.599952,0.21707342296961557,0.48207334535689034,0.12100400771843962,0.9999994652405512,0.6541521392822128,0.017852980594227127,36.761440042706866,47.88271260582682,0.2523297996035693,0.20243098541017696,0.33205435416579493
750000,1699,596.9478373,779.9,0.85,0.1,1.4919523221715576,0.603812,0.1739751631029595,0.4709108657697447,0.09366010506675171,0.9999986722327964,0.6546663803143127,0.033231065579956795,37.76402866388293,47.29492144681182,0.25543759742814,0.21801649323959685,0.3330215893193062
775000,1738,466.8836108999999,611.4,0.6,0.4,1.4798641090833378,0.599652,0.14448262420620445,0.4933664504677743,0.15710229464845832,0.9999984915165652,0.6573867746810266,0.04869430699148895,38.8700193798667,45.48740659143105,0.2689356920608406,0.25068738557459597,0.33336308850141594
800000,1776,472.6252044,632.85,0.3,0.5,1.4870024127905546,0.599664,0.17973688693869663,0.47977768234485574,0.11559170913363294,0.9999988439400209,0.6574704461751637,0.030931459287698925,38.06841371343285,46.22322658320104,0.2610846812195104,0.23179706250025242,0.33330376795490096
825000,1809,579.5094763,778.75,0.35,0.1,1.488844747609416,0.600812,0.20929044473737843,0.4713614669853692,0.1080834120097897,0.9999991761729258,0.6577088980233871,0.026682057179987038,37.27035315661155,47.53756911046801,0.25129192694905716,0.21655095927787713,0.3340795815002543
850000,1845,497.74048125,676.8,0.3,0.35,1.50795420160464,0.605404,0.197701247036509,0.4819067458945091,0.1356732599690144,0.9999992078566314,0.6616548545996478,0.03982151880284114,36.910132327530185,47.986964125943985,0.2588282787473945,0.22276468885499898,0.3334263582127447
875000,1881,498.3432780499999,654.2,0.55,0.4,1.5375967866648845,0.613796,0.15811805560177358,0.4903102246981077,0.10001297508407204,0.9999984726608768,0.6654937938062786,0.05265580387564523,36.181828413643,48.096723685009806,0.2779419481090516,0.234766501040231,0.3346563145697965
900000,1918,504.80835779999995,657.4,0.55,0.4,1.5783903123965208,0.623744,0.14280726356937287,0.49361721508953954,0.08447706535149391,0.9999975102441623,0.6641768504644424,0.05662430705337386,36.00267094704218,48.07513707287428,0.27929642856412934,0.23658526233398078,0.3350762546804867
925000,1954,553.6703856,723.4,0.65,0.3,1.5926396486240197,0.628356,0.1423196163697628,0.4891575301698489,0.10494859422576497,0.9999955492168737,0.6609681935170465,0.0519982823190944,36.17168530368693,48.02761457061073,0.26948131041138057,0.23564831028497793,0.33743928837963133
950000,1992,511.16688345,661.8,0.55,0.4,1.6313190460435898,0.638244,0.13536651005852374,0.4872412828437523,0.09769044424663152,0.9999972754516397,0.6603289565968627,0.05411272423306739,37.3929014664588,46.585283687096144,0.2734017947527215,0.25127229595154044,0.3389503868824932
975000,2025,606.119829,784.45,0.85,0.1,1.6423061818494684,0.640984,0.13804406462839688,0.48037772238820037,0.08754055707877319,0.9999978327650975,0.6594438812841473,0.05810926047531873,37.808546167415116,46.74934414874127,0.269485261454211,0.24353103785724728,0.33894673147897686
1000000,2058,589.20809085,759.75,0.85,0.15,1.659291443388667,0.643288,0.14268762766154938,0.4615343527217545,0.06261721663397207,0.9999990710327541,0.6554685767318439,0.0519044031405541,38.05708688491353,46.40347532364905,0.25332134444041343,0.227403543025187,0.338350433500888
